data,Position,section,icorsOfferType,subDivisionType,subDivision,Banner,priority,Title,Description1,Description2,Description3,Total clicks,tags
herobanner,0,herobanner,HP_AppCard_Investment_Segment2_FD,,HP_AppCard_Investment_Segment2_FD,https://ip-dynbanners.bajajfinserv.in/SuperApp/mobile/HP_AppCard_Investment_Segment1_FD_App.png,1,One of the highest returns on FD,Trusted by 5 Lakh+ Depositors,Up to 8.40% p.a.,Flexible payout,7950,"{'TagNameDominant colors': 'Yellow, Orange', 'Brightness': 'Bright', 'Warm vs cool tones': 'Warm', 'Contrast level': 'Medium to High (between foreground elements and background)', 'Text-to-image ratio': 'Low (mostly image, very little text)', 'Left vs right alignment': 'Right (main subject, the person, is on the right)', 'Symmetry': 'Asymmetrical', 'Whitespace usage': 'High (significant empty space in the upper and left parts)', 'Image focus type': 'Person using a smartphone, festive background elements', 'Visual format': 'Promotional/Banner Background', 'Illustration vs photo': 'Mix (background is illustrative, person and objects are photographic)', 'Number of products shown': '1 (smartphone)', 'Number of people shown': '1', 'Design density': 'Low to Medium', 'Embedded text present': 'Yes', 'Text language': 'English', 'Font style': 'Sans-serif', 'Festival/special occasion': 'Yes, implied Diwali/Indian festival (diya, firecrackers, marigolds, traditional patterns)', 'Festival name': 'Diwali (implied by elements)', 'Logo': 'No', 'Logo size': 'N/A', 'Logo placement': 'N/A', 'Call-to-action button present': 'No', 'CTA placement': 'N/A', 'CTA contrast': 'N/A', 'Objects visible': ['Smartphone', 'Diya (oil lamp)', 'Firecrackers (rockets)', 'Marigold flowers (genda phool)', 'Traditional patterned background'], 'Brand logo visible': 'No', 'Brand logo size': 'N/A', 'Emotion (if faces shown)': 'Neutral/Concentrated (looking at phone)', 'Gender shown (if people shown)': 'Male', 'Ethnicity': 'Indian', 'Age group': 'Elderly/Senior', 'Employment type (if shown)': 'Not discernible', 'Environment type': 'Studio/Thematic background', 'Location hints': ""India (implied by festival elements, clothing, and person's appearance)"", 'Offer text present': 'No', 'Offer type': 'N/A', 'Offer text size': 'N/A', 'Offer text position': 'N/A'}"
herobanner,1,herobanner,bhfl,displayName,Home Loan - Balance transfer,https://ip-dynbanners.bajajfinserv.in/SuperApp/mobile/HeroDisplay_PreApproved_BHFLHomeLoanBT_App.png,2,Transfer your home loan to us and,get top-up of up to ₹1.1Cr,ROI from 8.50%* p.a.,Top-up of ₹1 crore*,3667,"{
  ""Dominant colors"": [""#E9F4FF"", ""#B0D4F5"", ""#2C6D98"", ""#8A5C3D"", ""#B3211D"", ""#FFFFFF""],
  ""Brightness"": ""Bright"",
  ""Warm vs cool tones"": ""Mix (Cool background/snow, warm house lights/wood, warm festive decorations)"",
  ""Contrast level"": ""Medium"",
  ""Text-to-image ratio"": ""Very Low (minimal text)"",
  ""Left vs right alignment"": ""Right-aligned (main subject house is on the right)"",
  ""Symmetry"": ""Asymmetrical"",
  ""Whitespace usage"": ""High (significant empty space in the background and left side)"",
  ""Image focus type"": ""Subject (Modern House) and Festive Decorations"",
  ""Visual format"": ""Banner / Background image"",
  ""Illustration vs photo"": ""Illustration"",
  ""Number of products shown"": 1,
  ""Number of people shown"": 0,
  ""Design density"": ""Low to Medium"",
  ""Embedded text present"": true,
  ""Text language"": ""English"",
  ""Font style"": ""Sans-serif, small, light"",
  ""Festival/special occasion"": ""Christmas"",
  ""Festival name"": ""Christmas / Holiday Season"",
  ""Logo"": ""Not visible"",
  ""Logo size"": ""N/A"",
  ""Logo placement"": ""N/A"",
  ""Call-to-action button present"": false,
  ""CTA placement"": ""N/A"",
  ""CTA contrast"": ""N/A"",
  ""Objects visible"": [
    ""Modern House"",
    ""Snow"",
    ""Christmas Garland (top left)"",
    ""Red Berries (top left)"",
    ""Golden Stars (top left)"",
    ""Christmas Garland / Fir Branches (bottom)"",
    ""Red Baubles (bottom)"",
    ""Candy Canes (bottom)"",
    ""Pinecones (bottom)"",
    ""Small tree (next to house)""
  ],
  ""Brand logo visible"": false,
  ""Brand logo size"": ""N/A"",
  ""Emotion (if faces shown)"": ""N/A"",
  ""Gender shown (if people shown)"": ""N/A"",
  ""Employment type (if shown)"": ""N/A"",
  ""Environment type"": ""Outdoor, Snowy Landscape"",
  ""Location hints"": ""Winter setting, possibly a residential or vacation area (mountain home style)"",
  ""Offer text present"": false,
  ""Offer type"": ""N/A"",
  ""Offer text size"": ""N/A"",
  ""Offer text position"": ""N/A""
}"
herobanner,2,herobanner,HP_AppCard_Loan_Segment1_LSF,,HP_AppCard_Loan_Segment1_LSF,https://ip-dynbanners.bajajfinserv.in/SuperApp/mobile/New_HP_AppCard_Loan_Segment1_LSF_App.png,4,Upgrade your Home Furnishing ,EMIs starting ₹992*,Zero Downpayment,Easy EMI options,319203,"{'TagNameDominant colors': {'property': 'Dominant colors', 'value': ['Blue', 'White', 'Green', 'Red', 'Yellow', 'Teal']}, 'Brightness': {'property': 'Brightness level', 'value': 'Bright'}, 'Warm vs cool tones': {'property': 'Tone temperature', 'value': 'Mix of warm and cool tones, with a cool dominant background'}, 'Contrast level': {'property': 'Visual contrast', 'value': 'Moderate to High'}, 'Text-to-image ratio': {'property': 'Ratio of text to image content', 'value': 'Very Low'}, 'Left vs right alignment': {'property': 'Primary alignment of elements', 'value': 'Right and Bottom Aligned'}, 'Symmetry': {'property': 'Symmetry in composition', 'value': 'Asymmetrical'}, 'Whitespace usage': {'property': 'Amount of empty space', 'value': 'High'}, 'Image focus type': {'property': 'Main subject of the image', 'value': 'Product Display (Furniture) in a Festive Setting'}, 'Visual format': {'property': 'Overall style or purpose', 'value': 'Promotional / Advertisement Banner'}, 'Illustration vs photo': {'property': 'Image creation method', 'value': 'Digital Illustration / Composite (Rendered objects on illustrated background)'}, 'Number of products shown': {'property': 'Count of distinct products', 'value': 5}, 'Number of people shown': {'property': 'Count of people', 'value': 0}, 'Design density': {'property': 'Visual busyness of the design', 'value': 'Low to Moderate'}, 'Embedded text present': {'property': 'Presence of text within the image', 'value': 'Yes'}, 'Text language': {'property': 'Language of embedded text', 'value': 'English'}, 'Font style': {'property': 'Styling of embedded text', 'value': 'Sans-serif, Small, Italicized'}, 'Festival/special occasion': {'property': 'Association with a specific event', 'value': 'Yes'}, 'Festival name': {'property': 'Name of the associated festival', 'value': 'Christmas / Winter Holiday'}, 'Logo size': {'property': 'Size of brand logo (if present)', 'value': 'N/A (No brand logo visible)'}, 'Logo placement': {'property': 'Position of brand logo (if present)', 'value': 'N/A (No brand logo visible)'}, 'Call-to-action button present': {'property': 'Presence of an interactive CTA button', 'value': 'No'}, 'CTA placement': {'property': 'Position of CTA button (if present)', 'value': 'N/A'}, 'CTA contrast': {'property': 'Contrast of CTA button (if present)', 'value': 'N/A'}, 'Objects visible': {'property': 'List of visible objects', 'value': ['Sofa', 'Armchair', 'Side Tables', 'Cabinet', 'Christmas Garland/Foliage', 'Red Berries', 'Red Ornaments', 'Pinecones', 'Candy Canes', 'Small Golden Stars', 'Snow', 'Blue Sky Background']}, 'Brand logo visible': {'property': 'Visibility of a brand logo', 'value': 'No'}, 'Brand logo size': {'property': 'Size of brand logo (if visible)', 'value': 'N/A'}, 'Emotion (if faces shown)': {'property': 'Emotion conveyed by faces (if present)', 'value': 'N/A (No faces shown)'}, 'Gender shown (if people shown)': {'property': 'Gender of people (if present)', 'value': 'N/A (No people shown)'}, 'Employment type (if shown)': {'property': 'Employment context of people (if shown)', 'value': 'N/A (No people shown in work context)'}, 'Environment type': {'property': 'Type of setting shown', 'value': 'Conceptual Indoor/Outdoor Blend (Furniture on a wintry background)'}, 'Location hints': {'property': 'Clues about the physical location', 'value': 'Winter/Holiday themed promotional setting'}, 'Offer text present': {'property': 'Presence of text indicating an offer', 'value': ""No (Only a disclaimer '*T&C Apply*')""}, 'Offer type': {'property': 'Type of offer (if present)', 'value': 'N/A'}, 'Offer text size': {'property': 'Size of offer text (if present)', 'value': 'Small'}, 'Offer text position': {'property': 'Position of offer text (if present)', 'value': 'Bottom right corner'}}"
herobanner,3,herobanner,investment,offerProduct,BROKING,https://ip-dynbanners.bajajfinserv.in/SuperApp/mobile/HeroDisplay_PreApproved_DematTrading_App.png,6,FREE* Demat account with Bajaj Broking,"Stocks, IPOs, and more",Margin Trade Facility,Research-backed stock tips,261315,"{'TagNameDominant_colors': ['light yellow/cream', 'black', 'red', 'orange', 'green'], 'Brightness': 'bright', 'Warm_vs_cool_tones': 'mixed (warm background, warm red/orange bars, cool green bars)', 'Contrast_level': 'high', 'Text-to-image_ratio': 'very low', 'Left_vs_right_alignment': 'elements are right-aligned, significant left whitespace', 'Symmetry': 'asymmetrical', 'Whitespace_usage': 'significant', 'Image_focus_type': 'symbolic (bear and bull figures, bar chart)', 'Visual_format': 'illustration', 'Illustration_vs_photo': 'illustration', 'Number_of_products_shown': 0, 'Number_of_people_shown': 0, 'Design_density': 'low', 'Embedded_text_present': 'yes', 'Text_language': 'English', 'Font_style': 'sans-serif', 'Festival/special_occasion_logo': 'no', 'Festival_name': 'N/A', 'Logo_size': 'N/A', 'Logo_placement': 'N/A', 'Call-to-action_button_present': 'no', 'CTA_placement': 'N/A', 'CTA_contrast': 'N/A', 'Objects_visible': ['bear silhouette', 'bull silhouette', 'bar chart', 'rising bars'], 'Brand_logo_visible': 'no', 'Brand_logo_size': 'N/A', 'Emotion': 'N/A (no faces shown)', 'Gender_shown': 'N/A (no people shown)', 'Ethnicity_shown': 'N/A (no people shown)', 'Employment_type': 'N/A (no people shown)', 'Environment_type': 'abstract/symbolic (financial market concept)', 'Location_hints': 'N/A (abstract)', 'Offer_text_present': 'no', 'Offer_type': 'N/A', 'Offer_text_size': 'N/A', 'Offer_text_position': 'N/A', 'Meaning': ""Symbolic representation of 'bull' and 'bear' markets in finance, with the rising bars indicating a bullish or growing trend."", 'Image_type': 'conceptual/financial'}"
herobanner,4,herobanner,investment,offerProduct,BROKING,https://ip-dynbanners.bajajfinserv.in/SuperApp/newhome/Banner/375x214/DefaultBanners/IPO/HyundaiMotorIndiaIPOHomepage_PA_App.png,6,Hyundai Motor India IPO size - 27856 Cr,Lot size 7,Bidding dates- 15th -17th Oct,"Min.investment- 13,055.00",261315,"{'image_analysis': {'TagNameDominant_colors': ['light peach', 'gold', 'green', 'blue', 'white', 'grey'], 'Brightness': 'bright', 'Warm_vs_cool_tones': 'predominantly warm', 'Contrast_level': 'medium', 'Text_to_image_ratio': 'very low', 'Left_vs_right_alignment': 'main graphic right-aligned, ample whitespace left-aligned', 'Symmetry': 'asymmetrical', 'Whitespace_usage': 'high', 'Image_focus_type': 'conceptual (financial growth)', 'Visual_format': 'horizontal', 'Illustration_vs_photo': 'illustration', 'Number_of_products_shown': 0, 'Number_of_people_shown': 0, 'Design_density': 'low to medium', 'Embedded_text_present': 'yes', 'Text_content': '*T&C Apply.', 'Text_language': 'English', 'Font_style': 'sans-serif', 'Festival_special_occasion_logo': 'yes', 'Festival_name_implied': 'Diwali (or similar Indian festival)', 'Logo_size': 'N/A (no brand logo)', 'Logo_placement': 'N/A (no brand logo)', 'Call_to_action_button_present': 'no', 'CTA_placement': 'N/A', 'CTA_contrast': 'N/A', 'Objects_visible': ['bar chart', 'pie chart', 'stacked coins', 'upward arrow', 'oil lamps (diyas)', 'mandala patterns', 'decorative borders'], 'Brand_logo_visible': 'no', 'Brand_logo_size': 'N/A', 'Emotion_if_faces_shown': 'N/A', 'Gender_shown_if_people_shown': 'N/A', 'Employment_type_if_shown': 'N/A', 'Environment_type': 'abstract/digital', 'Location_hints': 'Indian cultural context', 'Offer_text_present': 'no', 'Offer_type': 'N/A', 'Offer_text_size': 'N/A', 'Offer_text_position': 'bottom right', 'Theme_Concept': ['growth', 'prosperity', 'finance', 'investment', 'celebration', 'festive'], 'Art_Style': '3D illustration, digital art', 'Purpose_of_image': 'background, promotional, conceptual'}}"
herobanner,5,herobanner,sme,offerProduct,PLSE,https://ip-dynbanners.bajajfinserv.in/SuperApp/mobile/HeroDisplay_PreApproved_LoanAgainstProperty_PLSE_App.png,7,Get secured loan of up to,₹1.7Cr against your property,Low interest rate,Flexible tenures,1620,"{
  ""TagNameDominant colors"": ""Blue, White, Teal, Red, Yellow, Brown (coins)"",
  ""Brightness"": ""Bright"",
  ""Warm vs cool tones"": ""Cool (dominant blues/teals), with warm accents (red roof, yellow shirt, brown coins)"",
  ""Contrast level"": ""Medium to High"",
  ""Text-to-image ratio"": ""Low"",
  ""Left vs right alignment"": ""Right-aligned main elements (hand, house, coins), Left-aligned secondary element (cricketer)"",
  ""Symmetry"": ""Asymmetrical"",
  ""Whitespace usage"": ""High (significant white space on the left side)"",
  ""Image focus type"": ""Composite/Conceptual (multiple focal points representing concepts)"",
  ""Visual format"": ""Illustration with photographic elements"",
  ""Illustration vs photo"": ""Mostly Illustration (cricketer, background) with a photographic element (hand, house model, jar of coins)"",
  ""Number of products shown"": ""2 (Miniature house model, Jar of coins - representing money/savings)"",
  ""Number of people shown"": ""1 (illustrated cricketer)"",
  ""Design density"": ""Medium"",
  ""Embedded text present"": ""Yes"",
  ""Text language"": ""English"",
  ""Font style"": ""Sans-serif, simple"",
  ""Festival/special occasion logo"": ""No"",
  ""Festival name"": ""N/A"",
  ""Logo size"": ""N/A"",
  ""Logo placement"": ""N/A"",
  ""Call-to-action button present"": ""No"",
  ""CTA placement"": ""N/A"",
  ""CTA contrast"": ""N/A"",
  ""Objects visible"": [
    ""Hand (holding objects)"",
    ""Miniature house model (white with red roof)"",
    ""Glass jar/pot filled with coins"",
    ""Cricketer (animated character with bat and ball)"",
    ""Cricket ball"",
    ""Light blue/white striped background"",
    ""Teal/blue watercolor splash background""
  ],
  ""Brand logo visible"": ""No"",
  ""Brand logo size"": ""N/A"",
  ""Emotion (if faces shown)"": ""N/A (cricketer's face not detailed enough for emotion)"",
  ""Gender shown (if people shown)"": ""Male (cricketer)"",
  ""Employment type (if shown)"": ""N/A (cricketer is an athlete/sportsman, not an employment type)"",
  ""Environment type"": ""Abstract/Conceptual"",
  ""Location hints"": ""N/A (no specific location implied)"",
  ""Offer text present"": ""No"",
  ""Offer type"": ""N/A"",
  ""Offer text size"": ""N/A"",
  ""Offer text position"": ""N/A"",
  ""Person gender"": ""Male"",
  ""Person ethnicity/origin"": ""Ambiguous (typical cricket attire, common in many countries, but often associated with South Asian countries)"",
  ""Person activity/role"": ""Playing cricket (batsman)""
}"
herobanner,6,herobanner,HP_AppCard_Loan_Segment1_RGL,,HP_AppCard_Loan_Segment1_RGL,https://ip-dynbanners.bajajfinserv.in/SuperApp/newhome/Banner/375x214/PreApprovedBanners/GoldLoan/Mobile/PA_Homepage_App.png,8,Unlock exclusive gold loan offers now!,Get the best gold loan offer for you!,Low interest rate,Quick disbursal,207,"{'Dominant colors': {'Property': 'Palette', 'Value': 'Yellow, Orange, Pink, Purple, Green, Blue (from banners)'}, 'Brightness': {'Property': 'Level', 'Value': 'Bright'}, 'Warm vs cool tones': {'Property': 'Tone', 'Value': 'Predominantly Warm (yellow, orange, pink gradient) with Cool accents (blue, green, purple in banners)'}, 'Contrast level': {'Property': 'Level', 'Value': 'Moderate'}, 'Text-to-image ratio': {'Property': 'Ratio', 'Value': 'Very Low'}, 'Left vs right alignment': {'Property': 'Primary subject alignment', 'Value': 'Right (main person and mandala), Left (dancing figures)'}, 'Symmetry': {'Property': 'Presence', 'Value': 'Asymmetrical'}, 'Whitespace usage': {'Property': 'Distribution', 'Value': 'Ample on the left side, denser on the right where the subject and patterns are.'}, 'Image focus type': {'Property': 'Type', 'Value': 'Main subject focus (the woman)'}, 'Visual format': {'Property': 'Format', 'Value': 'Horizontal'}, 'Illustration vs photo': {'Property': 'Type', 'Value': 'Mixed (Photographic subject on an illustrated/graphic background)'}, 'Number of products shown': {'Property': 'Count', 'Value': '1 (a plate of what appears to be noodles or fried snacks)'}, 'Number of people shown': {'Property': 'Count', 'Value': '1 (photographed woman), 2 (illustrated dancing figures in background)'}, 'Design density': {'Property': 'Level', 'Value': 'Moderate'}, 'Embedded text present': {'Property': 'Presence', 'Value': 'Yes'}, 'Text language': {'Property': 'Language', 'Value': 'English'}, 'Font style': {'Property': 'Style', 'Value': 'Sans-serif'}, 'Festival/special occasion logo': {'Property': 'Presence', 'Value': 'Yes (Stylized dancing figures and decorative banners, representing a festival)'}, 'Festival name': {'Property': 'Name', 'Value': 'Navratri (implied by Garba/Dandiya style dancers and festive elements)'}, 'Logo size': {'Property': 'Size', 'Value': 'Small (festival elements), No brand logo visible'}, 'Logo placement': {'Property': 'Placement', 'Value': 'Top Left (banners), Bottom Left (dancing figures)'}, 'Call-to-action button present': {'Property': 'Presence', 'Value': 'No'}, 'CTA placement': {'Property': 'Placement', 'Value': 'N/A'}, 'CTA contrast': {'Property': 'Contrast', 'Value': 'N/A'}, 'Objects visible': {'Property': 'List', 'Value': 'Colorful triangular banners, Mandala patterns, Plate of food (noodles/snacks)'}, 'Brand logo visible': {'Property': 'Presence', 'Value': 'No'}, 'Brand logo size': {'Property': 'Size', 'Value': 'N/A'}, 'Emotion (if faces shown)': {'Property': 'Expression', 'Value': 'Neutral/Pleasant (slight smile)'}, 'Gender shown (if people shown)': {'Property': 'Gender', 'Value': 'Female (prominent subject), Male & Female (illustrated figures)'}, 'Employment type (if shown)': {'Property': 'Type', 'Value': 'N/A (Likely a model for advertising purposes)'}, 'Environment type': {'Property': 'Type', 'Value': 'Studio/Digital background'}, 'Location hints': {'Property': 'Region', 'Value': 'India (implied by cultural attire, dance forms, and background patterns like mandala)'}, 'Offer text present': {'Property': 'Presence', 'Value': 'No'}, 'Offer type': {'Property': 'Type', 'Value': 'N/A'}, 'Offer text size': {'Property': 'Size', 'Value': 'N/A'}, 'Offer text position': {'Property': 'Position', 'Value': 'N/A'}, 'Ethnicity': {'Property': 'Group', 'Value': 'South Asian/Indian (for the prominent person)'}, 'Pose/Gesture of person': {'Property': 'Description', 'Value': ""Right hand making 'OK' gesture, Left hand holding a plate of food""}, 'Background elements': {'Property': 'Description', 'Value': 'Gradient background with white linear mandala patterns on the right side'}, 'Context/Purpose': {'Property': 'Purpose', 'Value': 'Promotional or advertising material, likely related to food or a festive event/sale'}, 'Disclaimer text present': {'Property': 'Presence', 'Value': 'Yes'}, 'Disclaimer text': {'Property': 'Content', 'Value': '*T&C Apply*'}, 'Disclaimer text position': {'Property': 'Position', 'Value': 'Bottom Right'}, 'Disclaimer text color': {'Property': 'Color', 'Value': 'White'}}"
herobanner,7,herobanner,sme,displayName,New Car Loan,https://ip-dynbanners.bajajfinserv.in/SuperApp/mobile/HeroDisplay_PreApproved_NewCarLoan_App.png,11,Drive your dream car today,Get Loan of up to ₹12L,Quick Disbursal,Affordable EMIs,81735,"{'TagNameDominantColors': ['Light Blue', 'White', 'Brown', 'Green', 'Red', 'Gold'], 'Brightness': 'High', 'WarmVsCoolTones': 'Cool with Warm Accents', 'ContrastLevel': 'Medium', 'TextToImageRatio': 'Very Low', 'LeftVsRightAlignment': 'Right Aligned (Car), Bottom and Top-Left Aligned (Decorations)', 'Symmetry': 'Asymmetrical', 'WhitespaceUsage': 'High', 'ImageFocusType': 'Object (Car) and Decorative Elements', 'VisualFormat': 'Horizontal', 'IllustrationVsPhoto': 'Illustration', 'NumberOfProductsShown': 1, 'NumberOfPeopleShown': 0, 'DesignDensity': 'Low to Medium', 'EmbeddedTextPresent': 'Yes', 'TextLanguage': 'English', 'FontStyle': 'Sans-serif', 'FestivalSpecialOccasion': 'Yes', 'FestivalName': 'Christmas', 'LogoSize': 'N/A', 'LogoPlacement': 'N/A', 'CallToActionBtnPresent': 'No', 'CTAPlacement': 'N/A', 'CTAContrast': 'N/A', 'ObjectsVisible': ['Car', 'Snow', 'Christmas Garland (Pine Branches)', 'Red Ornaments/Berries', 'Pinecones', 'Candy Canes', 'Gold Stars'], 'BrandLogoVisible': 'No', 'BrandLogoSize': 'N/A', 'Emotion': 'N/A (No Faces Shown)', 'GenderShown': 'N/A (No People Shown)', 'EmploymentType': 'N/A (No People Shown)', 'EnvironmentType': 'Outdoor', 'LocationHints': 'Winter/Snowy Landscape', 'OfferTextPresent': ""No (Only a disclaimer 'T&C Apply')"", 'OfferType': 'N/A', 'OfferTextSize': 'N/A', 'OfferTextPosition': 'N/A'}"
herobanner,8,herobanner,HP_AppCard_Loan_Segment_All_LAMF,,HP_AppCard_Loan_Segment_All_LAMF,https://ip-dynbanners.bajajfinserv.in/SuperApp/mobile/New_HP_AppCard_Loan_Segment_All_LAMF_App.png,12,Get loan of up to,₹5Cr against your mutual funds,5000+ approved funds,Flexible tenures,71276,"{'TagNameDominant colors': ['Light Pink/Peach', 'Gold', 'Brass'], 'Brightness': 'Bright', 'Warm vs cool tones': 'Warm', 'Contrast level': 'Moderate', 'Text-to-image ratio': 'Very Low', 'Left vs right alignment': 'Right Aligned (Objects)', 'Symmetry': 'Asymmetrical', 'Whitespace usage': 'High', 'Image focus type': 'Sharp Focus (on coins)', 'Visual format': 'Photograph', 'Illustration vs photo': 'Photo', 'Number of products shown': 1, 'Number of people shown': 0, 'Design density': 'Low', 'Embedded text present': 'Yes', 'Text language': 'English', 'Font style': 'Sans-serif', 'Festival/special occasion logo': 'No', 'Festival name': 'N/A', 'Logo size': 'N/A', 'Logo placement': 'N/A', 'Call-to-action button present': 'No', 'CTA placement': 'N/A', 'CTA contrast': 'N/A', 'Objects visible': ['Coins', 'Stacks of Coins', 'Money'], 'Brand logo visible': 'No', 'Brand logo size': 'N/A', 'Emotion (if faces shown)': 'N/A', 'Gender shown (if people shown)': 'N/A', 'Employment type (if shown)': 'N/A', 'Environment type': 'Studio/Plain Background', 'Location hints': 'None', 'Offer text present': 'No', 'Offer type': 'N/A', 'Offer text size': 'Small', 'Offer text position': 'Bottom Right', 'Subject Matter': 'Finance, Savings, Investment, Wealth', 'Image type': 'Stock Photo', 'Composition': 'Rule of Thirds (objects on right)', 'Lighting': 'Soft, Even', 'Texture': 'Metallic', 'Color Palette': 'Limited (Warm Tones)', 'Symbolism': 'Growth, Accumulation, Prosperity', 'Purpose': 'Generic financial imagery', 'Is an advertisement': 'Potentially (due to T&C, but not explicit offer)'}"
herobanner,9,herobanner,aruCustomerOffer,partnerName,2385_UNI,https://ip-dynbanners.bajajfinserv.in/SuperApp/mobile/PreApproved_B2B_LogoOffer_2385_UNI.jpg,13,Assured 5000 Bajaj coins worth ₹1000,with your EMI network card,Easy EMIs,Zero Downpayment,557,"{'Dominant colors': 'Light peach/orange, gold, white, green, silver/grey, black', 'Brightness': 'Bright', 'Warm vs cool tones': 'Predominantly warm (peach, gold)', 'Contrast level': 'Medium to High', 'Text-to-image ratio': 'Low', 'Left vs right alignment': 'Asymmetrical, with main elements concentrated on the right and bottom', 'Symmetry': 'Asymmetrical', 'Whitespace usage': 'Moderate, mainly in the upper left section', 'Image focus type': 'Product showcase and brand promotion', 'Visual format': 'Promotional banner/advertisement', 'Illustration vs photo': 'Mix of illustration (stars, lights, balloons) and rendered product images', 'Number of products shown': 6, 'Number of people shown': 0, 'Design density': 'Medium', 'Embedded text present': 'Yes', 'Text language': 'English', 'Font style': 'Sans-serif (for logos), Stylized numerical (for 2025)', 'Festival/special occasion logo': ""Yes (implied by '2025' and festive decorations)"", 'Festival name': ""New Year's (implied)"", 'Logo size': 'Prominent', 'Logo placement': 'Top right, on a billboard structure', 'Call-to-action button present': 'No', 'CTA placement': 'N/A', 'CTA contrast': 'N/A', 'Objects visible': ['Billboard', 'Unicorn logo', 'Apple logo', 'Stars', 'String lights', 'Ribbons', ""Balloons (numbers '2025', round balloons)"", 'Television (TV)', 'Washing machine', 'Smartphone', 'Microwave', 'Water purifier', 'Air conditioner (AC)'], 'Brand logo visible': 'Yes', 'Brand logo size': 'Large', 'Emotion (if faces shown)': 'N/A', 'Gender shown (if people shown)': 'N/A', 'Employment type (if shown)': 'N/A', 'Environment type': 'Abstract/Studio (for marketing material)', 'Location hints': 'None specific', 'Offer text present': ""No explicit offer text, but '2025' implies a New Year promotion"", 'Offer type': ""Implied New Year's promotion/sale"", 'Offer text size': ""Medium-Large (for '2025')"", 'Offer text position': 'Bottom center-left', 'Image purpose': 'Advertising, Marketing, Promotion', 'Product categories': 'Electronics, Home Appliances'}"
herobanner,10,herobanner,credit_card_oms,displayName,DBS,https://ip-dynbanners.bajajfinserv.in/SuperApp/mobile/HeroDisplay_PreApproved_CreditCard_DBS_App.png,14,Bajaj Finserv DBS Bank SuperCard offers,"Up to ₹40,000 off on LG",Upto ₹200000 limit,Up to 10x points,36,{Not Found}
herobanner,11,herobanner,sme,displayName,Loan Against Car,https://ip-dynbanners.bajajfinserv.in/SuperApp/mobile/HeroDisplay_PreApproved_UCFZBT_App.png,16,Get loan of up to,₹13L against your car,Quick approval,Minimal paperwork,61490,"{'TagNameDominantColors': ['Blue', 'White', 'Green', 'Red', 'Brown', 'Gold'], 'Brightness': 'High', 'WarmVsCoolTones': 'Overall Cool (blue sky, white snow) with Warm accents (red ornaments, gold stars, pinecones)', 'ContrastLevel': 'Moderate', 'TextToImageRatio': 'Very Low', 'LeftVsRightAlignment': 'Car aligned to the right, decorative border spans bottom', 'Symmetry': 'Asymmetrical', 'WhitespaceUsage': 'High (top and central areas)', 'ImageFocusType': 'Product (car) and Festive Decor', 'VisualFormat': 'Illustration', 'IllustrationVsPhoto': 'Illustration', 'NumberofProductsShown': 1, 'NumberofPeopleShown': 0, 'DesignDensity': 'Low to Moderate', 'EmbeddedTextPresent': 'Yes', 'TextLanguage': 'English', 'FontStyle': 'Sans-serif', 'FestivalSpecialOccasion': 'Yes', 'FestivalName': 'Christmas/Winter Holidays', 'LogoSize': 'N/A (No brand logo visible)', 'LogoPlacement': 'N/A (No brand logo visible)', 'CallToActionPresent': 'No', 'CTAPlacement': 'N/A', 'CTAContrast': 'N/A', 'ObjectsVisible': ['Car (Blue SUV/Crossover)', 'Christmas Garland (Pine branches, Red berries, Pinecones, Candy canes, Red ornaments, Gold stars)', 'Snow', 'Sky'], 'BrandLogoVisible': 'No', 'BrandLogoSize': 'N/A', 'Emotion': 'N/A (No faces shown)', 'GenderShown': 'N/A (No people shown)', 'EmploymentType': 'N/A (No people shown)', 'EnvironmentType': 'Outdoor', 'LocationHints': 'Winter landscape', 'OfferTextPresent': 'No (Only ""*T&C Apply"" suggests a potential offer elsewhere)', 'OfferType': 'N/A (No explicit offer stated)', 'OfferTextSize': 'Small', 'OfferTextPosition': 'Bottom right'}"
herobanner,12,herobanner,insurance,displayName,Car Insurance Renewal,https://ip-dynbanners.bajajfinserv.in/SuperApp/mobile/HeroDisplay_PreApproved_Insu_CarNew_App.png,17,Renew your car insurance with plans,starting at ₹2094*/year,Covers up to ₹2762*,Comprehensive cover,421,"{'tags': [{'TagName': 'Dominant colors', 'TagProperty': 'Color Palette', 'TagValues': ['Light Pink / Peach (#F5E5E5)', 'Red (#D9262C)', 'Black (wheels, tires, window tint)']}, {'TagName': 'Brightness', 'TagProperty': 'Illumination Level', 'TagValues': ['Bright']}, {'TagName': 'Warm vs cool tones', 'TagProperty': 'Color Temperature', 'TagValues': ['Warm']}, {'TagName': 'Contrast level', 'TagProperty': 'Visual Contrast', 'TagValues': ['Moderate']}, {'TagName': 'Text-to-image ratio', 'TagProperty': 'Content Proportion', 'TagValues': ['Very Low']}, {'TagName': 'Left vs right alignment', 'TagProperty': 'Composition Alignment', 'TagValues': ['Right Aligned (main subject)']}, {'TagName': 'Symmetry', 'TagProperty': 'Composition Balance', 'TagValues': ['Asymmetrical']}, {'TagName': 'Whitespace usage', 'TagProperty': 'Composition Space', 'TagValues': ['Extensive']}, {'TagName': 'Image focus type', 'TagProperty': 'Focal Point', 'TagValues': ['Product (Car)']}, {'TagName': 'Visual format', 'TagProperty': 'Media Type', 'TagValues': ['Still Image']}, {'TagName': 'Illustration vs photo', 'TagProperty': 'Artistic Style', 'TagValues': ['Photo']}, {'TagName': 'Number of products shown', 'TagProperty': 'Quantity', 'TagValues': ['1']}, {'TagName': 'Number of people shown', 'TagProperty': 'Quantity', 'TagValues': ['0']}, {'TagName': 'Design density', 'TagProperty': 'Visual Clutter', 'TagValues': ['Low']}, {'TagName': 'Embedded text present', 'TagProperty': 'Text Presence', 'TagValues': ['Yes']}, {'TagName': 'Text content', 'TagProperty': 'Actual Text', 'TagValues': ['*T&C Apply*']}, {'TagName': 'Text language', 'TagProperty': 'Language', 'TagValues': ['English']}, {'TagName': 'Font style', 'TagProperty': 'Typography', 'TagValues': ['Sans-serif']}, {'TagName': 'Festival/special occasion logo', 'TagProperty': 'Contextual Element', 'TagValues': ['No']}, {'TagName': 'Festival name', 'TagProperty': 'Specific Event', 'TagValues': ['N/A']}, {'TagName': 'Logo size', 'TagProperty': 'Scale', 'TagValues': ['N/A (No brand logo visible)']}, {'TagName': 'Logo placement', 'TagProperty': 'Position', 'TagValues': ['N/A (No brand logo visible)']}, {'TagName': 'Call-to-action button present', 'TagProperty': 'Interactive Element', 'TagValues': ['No']}, {'TagName': 'CTA placement', 'TagProperty': 'Position', 'TagValues': ['N/A']}, {'TagName': 'CTA contrast', 'TagProperty': 'Visual Distinction', 'TagValues': ['N/A']}, {'TagName': 'Objects visible', 'TagProperty': 'Visible Elements', 'TagValues': ['Car']}, {'TagName': 'Brand logo visible', 'TagProperty': 'Branding Presence', 'TagValues': ['No']}, {'TagName': 'Brand logo size', 'TagProperty': 'Scale', 'TagValues': ['N/A']}, {'TagName': 'Emotion (if faces shown)', 'TagProperty': 'Emotional Expression', 'TagValues': ['N/A (No faces shown)']}, {'TagName': 'Gender shown (if people shown)', 'TagProperty': 'Demographics', 'TagValues': ['N/A (No people shown)']}, {'TagName': 'Employment type (if shown)', 'TagProperty': 'Demographics', 'TagValues': ['N/A (No people shown)']}, {'TagName': 'Environment type', 'TagProperty': 'Setting', 'TagValues': ['Studio/Plain Background']}, {'TagName': 'Location hints', 'TagProperty': 'Geographic Clues', 'TagValues': ['None']}, {'TagName': 'Offer text present', 'TagProperty': 'Marketing Message', 'TagValues': ['Yes (as a disclaimer)']}, {'TagName': 'Offer type', 'TagProperty': 'Marketing Category', 'TagValues': ['Disclaimer/Terms and Conditions (implying an offer elsewhere)']}, {'TagName': 'Offer text size', 'TagProperty': 'Scale', 'TagValues': ['Small']}, {'TagName': 'Offer text position', 'TagProperty': 'Position', 'TagValues': ['Bottom Right']}, {'TagName': 'Car Make/Model (if identifiable)', 'TagProperty': 'Vehicle Details', 'TagValues': ['BMW 2 Series Coupe (possibly M2 variant)']}, {'TagName': 'Car Color', 'TagProperty': 'Vehicle Details', 'TagValues': ['Red']}, {'TagName': 'Image Orientation', 'TagProperty': 'Aspect Ratio', 'TagValues': ['Landscape']}, {'TagName': 'Lighting', 'TagProperty': 'Light Source', 'TagValues': ['Evenly Lit']}, {'TagName': 'Perspective', 'TagProperty': 'Camera Angle', 'TagValues': ['Side View']}]}"
herobanner,13,herobanner,HP_AppCard_CrossSell_Segment_All_BPRIME,,HP_AppCard_CrossSell_Segment_All_BPRIME,https://ip-dynbanners.bajajfinserv.in/SuperApp/mobile/HP_AppCard_CrossSell_Segment_All_BPRIME_App.png,18,Introducing Bajaj Prime,"One membership, many benefits",SonyLIV 6 months subscription,Zomato Gold 3 months subscription,209411,"{'TagNameDominant colors': 'Light blue, white, green, red, gold, purple, black', 'Brightness': 'High', 'Warm vs cool tones': 'Predominantly cool tones (blues, whites, greens) with warm accents (reds, golds, purples)', 'Contrast level': 'Moderate to High', 'Text-to-image ratio': 'Low', 'Left vs right alignment': 'Right-aligned focus on offerings, bottom border elements are horizontal', 'Symmetry': 'Asymmetrical', 'Whitespace usage': 'Significant whitespace in the upper and upper-left areas, creating an open feel', 'Image focus type': 'Promotional/Advertisement', 'Visual format': 'Digital Illustration', 'Illustration vs photo': 'Illustration', 'Number of products shown': 4, 'Number of people shown': 0, 'Design density': 'Moderate', 'Embedded text present': 'Yes', 'Text language': 'English', 'Font style': 'Mixed (Sans-serif, decorative for brand logos, small fine print)', 'Festival/special occasion': 'Yes, Christmas/Winter Holidays', 'Festival name': 'Christmas/Winter', 'Logo size': 'Medium (SonyLIV, Zomato Gold), Small (Bajaj Prime, 50+ Brand Vouchers text)', 'Logo placement': 'Floating above gift box (SonyLIV, Zomato Gold, 50+ Brand Vouchers), On gift box (Bajaj Prime)', 'Call-to-action button present': 'No explicit button, image serves as a promotional visual', 'CTA placement': 'N/A', 'CTA contrast': 'N/A', 'Objects visible': ['Gift box (Bajaj Prime branded)', 'SonyLIV logo', 'Zomato Gold logo', '50+ Brand Vouchers stub', 'Fir branches', 'Red berries', 'Red Christmas ornaments', 'Candy canes', 'Pine cones', 'Golden stars (hanging)', 'Golden confetti/sparkles', 'Snow mounds'], 'Brand logo visible': 'Yes', 'Brand logo size': 'Varied (medium for SonyLIV/Zomato, small for Bajaj Prime)', 'Emotion (if faces shown)': 'N/A', 'Gender shown (if people shown)': 'N/A', 'Employment type (if shown)': 'N/A', 'Environment type': 'Outdoor, Winter, Festive', 'Location hints': 'Generic winter scene, brands suggest an Indian market context (Bajaj, Zomato)', 'Offer text present': 'Yes', 'Offer type': 'Bundled benefits/vouchers', 'Offer text size': 'Medium', 'Offer text position': 'Floating above the gift box, on a golden stub', 'Image Type': 'Promotional Advertisement', 'Theme': 'Gifting, Winter Holidays, Exclusive Benefits', 'Mood': 'Festive, Exciting, Generous', 'Seasonal Elements': 'Snow, fir branches, candy canes, ornaments, stars', 'Product Categories': 'Entertainment streaming, Food delivery subscription, E-commerce/Retail vouchers', 'Target Audience': 'General consumers, individuals interested in digital services and value-added subscriptions', 'Composition Style': 'Dynamic, elements emerging from a central point (gift box)', 'Background details': 'Light blue gradient sky fading into white snow mounds', 'Purpose': ""To promote or announce special offers and benefits for 'Bajaj Prime' during the festive season""}"
herobanner,14,herobanner,insurance,displayName,Health Insurance Funded New,https://ip-dynbanners.bajajfinserv.in/SuperApp/mobile/HeroDisplay_PreApproved_Insu_HealthFundedNew_App.png,19,Get Health Insurance on easy EMIs,Coverage up to ₹10 lakh,Premium at ₹9.3/day*,Cashless Treatment,244325,"{'TagNameDominant colors': {'property': 'Color Palette', 'value': 'Light Green, Orange, Blue, Red, Grey, White, Green (shield), Black'}, 'Brightness': {'property': 'Luminosity', 'value': 'High'}, 'Warm vs cool tones': {'property': 'Color Temperature', 'value': 'Predominantly Cool with Warm Accents'}, 'Contrast level': {'property': 'Dynamic Range', 'value': 'Moderate'}, 'Text-to-image ratio': {'property': 'Text vs Visual Content', 'value': 'Very Low'}, 'Left vs right alignment': {'property': 'Compositional Alignment', 'value': 'Right Aligned'}, 'Symmetry': {'property': 'Balance', 'value': 'Asymmetrical'}, 'Whitespace usage': {'property': 'Negative Space', 'value': 'High'}, 'Image focus type': {'property': 'Focal Point', 'value': 'Sharp'}, 'Visual format': {'property': 'Orientation', 'value': 'Horizontal'}, 'Illustration vs photo': {'property': 'Image Type', 'value': 'Illustration (3D Rendered)'}, 'Number of products shown': {'property': 'Product Count', 'value': 'N/A (Symbolic Items)'}, 'Number of people shown': {'property': 'People Count', 'value': '1'}, 'Design density': {'property': 'Visual Clutter', 'value': 'Low to Moderate'}, 'Embedded text present': {'property': 'Text Presence', 'value': 'Yes'}, 'Text language': {'property': 'Language', 'value': 'English'}, 'Font style': {'property': 'Typography', 'value': 'Sans-serif'}, 'Festival/special occasion logo': {'property': 'Occasion Specificity', 'value': 'No'}, 'Festival name': {'property': 'Occasion', 'value': 'N/A'}, 'Logo size': {'property': 'Brand Logo Size', 'value': 'N/A'}, 'Logo placement': {'property': 'Brand Logo Placement', 'value': 'N/A'}, 'Call-to-action button present': {'property': 'CTA Presence', 'value': 'No'}, 'CTA placement': {'property': 'CTA Position', 'value': 'N/A'}, 'CTA contrast': {'property': 'CTA Visual Distinction', 'value': 'N/A'}, 'Objects visible': {'property': 'Visible Elements', 'value': 'Doctor figure, Clipboard, Heart with heartbeat line, Shield with a plus sign, Medicine bottle with a plus sign, Pills, Circular platform'}, 'Brand logo visible': {'property': 'Brand Presence', 'value': 'No'}, 'Brand logo size': {'property': 'Brand Logo Size', 'value': 'N/A'}, 'Emotion (if faces shown)': {'property': 'Facial Expression', 'value': 'Neutral (Stylized)'}, 'Gender shown (if people shown)': {'property': 'Gender', 'value': 'Male'}, 'Employment type (if shown)': {'property': 'Occupation', 'value': 'Doctor/Medical Professional'}, 'Environment type': {'property': 'Setting', 'value': 'Abstract/Studio (Plain Background)'}, 'Location hints': {'property': 'Geographical Context', 'value': 'None'}, 'Offer text present': {'property': 'Offer Presence', 'value': 'No'}, 'Offer type': {'property': 'Type of Offer', 'value': 'N/A'}, 'Offer text size': {'property': 'Offer Text Font Size', 'value': 'N/A'}, 'Offer text position': {'property': 'Offer Text Position', 'value': 'N/A'}, 'Ethnicity shown (if people shown)': {'property': 'Ethnicity', 'value': 'Cannot determine (Stylized 3D Character)'}, 'Theme/Concept': {'property': 'Main Theme', 'value': 'Health, Medical Care, Insurance, Wellness'}}"
herobanner,15,herobanner,twf,displayName,TWL,https://ip-dynbanners.bajajfinserv.in/SuperApp/mobile/HeroDisplay_PreApproved_TwoWheeler_App.png,20,Get pre-approved loan of,₹1.89L for Two Wheeler,100% financing,Instant approval,444721,"{'TagNameDominantColors': ['Light Peach/Beige', 'Gold', 'Blue', 'Yellow', 'Red', 'White', 'Black'], 'Brightness': 'Bright', 'WarmVsCoolTones': 'Predominantly Warm', 'ContrastLevel': 'Medium to High', 'TextToImageRatio': 'Low', 'LeftVsRightAlignment': 'Right-aligned (main subjects)', 'Symmetry': 'Asymmetrical', 'WhitespaceUsage': 'Moderate to High', 'ImageFocusType': 'Products', 'VisualFormat': 'Digital Photography with Graphic Elements', 'IllustrationVsPhoto': 'Photo (of vehicles) with Graphic Overlay (stars, numbers, balloons)', 'NumberofProductsShown': 3, 'NumberofPeopleShown': 0, 'DesignDensity': 'Medium', 'EmbeddedTextPresent': 'Yes', 'TextLanguage': 'English', 'FontStyle': {'2025': 'Bold, Inflated/Balloon-like', 'T&C Apply': 'Standard Sans-serif'}, 'FestivalSpecialOccasion': 'Yes', 'FestivalName': 'New Year / Year 2025 Promotion', 'FestivalLogoPresent': ""Yes (implied by '2025' graphic)"", 'FestivalLogoSize': 'Medium', 'FestivalLogoPlacement': 'Bottom-center', 'CallToActionBtnPresent': 'No', 'CTAPlacement': 'N/A', 'CTAContrast': 'N/A', 'ObjectsVisible': ['Blue Scooter', 'Yellow Scooter', 'Red and White Motorcycle', 'Golden Star Ornaments', 'Golden Ribbon/Bow', 'Golden Balloons', 'White Balloons', ""Golden '2025' Numbers"", 'Decorative Light String/Border'], 'BrandLogoVisible': 'Yes', 'BrandLogoName': 'Suzuki', 'BrandLogoSize': 'Small', 'BrandLogoPlacement': 'On the red and white motorcycle', 'EmotionIfFacesShown': 'N/A (No faces shown)', 'GenderShownIfPeopleShown': 'N/A (No people shown)', 'EmploymentTypeIfShown': 'N/A', 'EnvironmentType': 'Studio/Promotional Set', 'LocationHints': 'None specific', 'OfferTextPresent': 'No explicit offer details, only a disclaimer and a year marker.', 'OfferType': 'Not specified (implied promotional theme related to year 2025)', 'OfferTextSize': 'Small', 'OfferTextPosition': 'Bottom right (*T&C Apply)', 'ProductType': ['Scooters', 'Motorcycle'], 'TargetAudience': 'Individuals interested in purchasing two-wheelers, likely targeting the new year/festive season.', 'PurposeOfImage': 'Advertisement / Promotion', 'OverallMood': 'Celebratory, Promotional, Modern', 'Complexity': 'Medium', 'ResolutionQuality': 'High'}"
herobanner,16,herobanner,HP_AppCard_Wheels_Segment_All_Tractor,,HP_AppCard_Wheels_Segment_All_Tractor,https://ip-dynbanners.bajajfinserv.in/SuperApp/mobile/New_HP_AppCard_Wheels_Segment_All_Tractor_App.png,21,Get funds up to ,95% of the tractors value,End-to-end digital process,Quick processing,39566,"{'TagNameDominant colors': {'property': 'colors', 'value': ['Red', 'Orange', 'Light Purple', 'Grey', 'Black']}, 'Brightness': {'property': 'level', 'value': 'Moderate to Bright'}, 'Warm vs cool tones': {'property': 'tone', 'value': 'Warm (tractor) balanced by Cool (background)'}, 'Contrast level': {'property': 'level', 'value': 'Moderate'}, 'Text-to-image ratio': {'property': 'ratio', 'value': 'Very Low (predominantly image)'}, 'Left vs right alignment': {'property': 'alignment', 'value': 'Right Aligned (main subject)'}, 'Symmetry': {'property': 'type', 'value': 'Asymmetrical'}, 'Whitespace usage': {'property': 'usage', 'value': 'High (significant negative space on left and top)'}, 'Image focus type': {'property': 'focus', 'value': 'Product Focus'}, 'Visual format': {'property': 'format', 'value': 'Product Photography'}, 'Illustration vs photo': {'property': 'type', 'value': 'Photo'}, 'Number of products shown': {'property': 'count', 'value': 1}, 'Number of people shown': {'property': 'count', 'value': 0}, 'Design density': {'property': 'density', 'value': 'Low'}, 'Embedded text present': {'property': 'status', 'value': 'Yes'}, 'Text language': {'property': 'language', 'value': 'English'}, 'Font style': {'property': 'style', 'value': 'Sans-serif'}, 'Festival/special occasion logo': {'property': 'present', 'value': 'No'}, 'Festival name': {'property': 'name', 'value': 'N/A'}, 'Logo size': {'property': 'size', 'value': 'N/A (No brand logo visible)'}, 'Logo placement': {'property': 'placement', 'value': 'N/A (No brand logo visible)'}, 'Call-to-action button present': {'property': 'present', 'value': 'No'}, 'CTA placement': {'property': 'placement', 'value': 'N/A'}, 'CTA contrast': {'property': 'contrast', 'value': 'N/A'}, 'Objects visible': {'property': 'list', 'value': ['Tractor', 'Wheels', 'Tires', 'Cabin', 'Exhaust Pipe', 'Steps']}, 'Brand logo visible': {'property': 'visible', 'value': 'No'}, 'Brand logo size': {'property': 'size', 'value': 'N/A'}, 'Emotion (if faces shown)': {'property': 'emotion', 'value': 'N/A (No faces shown)'}, 'Gender shown (if people shown)': {'property': 'gender', 'value': 'N/A (No people shown)'}, 'Employment type (if shown)': {'property': 'type', 'value': 'N/A (No people shown)'}, 'Environment type': {'property': 'type', 'value': 'Plain Studio Background'}, 'Location hints': {'property': 'hints', 'value': 'None'}, 'Offer text present': {'property': 'present', 'value': ""No (Only a disclaimer '*T&C Apply*')""}, 'Offer type': {'property': 'type', 'value': 'N/A'}, 'Offer text size': {'property': 'size', 'value': 'Small'}, 'Offer text position': {'property': 'position', 'value': 'Bottom Right'}, 'the person male or female and indian or american etcc': {'property': 'demographics', 'value': 'N/A (No people shown)'}, 'Product Type': {'property': 'type', 'value': 'Agricultural Vehicle'}, 'Background Color': {'property': 'color', 'value': 'Light Lavender / Pale Purple'}, 'Shadows': {'property': 'presence', 'value': 'Subtle (beneath the tractor)'}, 'Lighting': {'property': 'style', 'value': 'Even, Studio Lighting'}, 'Image Orientation': {'property': 'orientation', 'value': 'Landscape'}}"
herobanner,17,herobanner,Payments_UPI_Segment1_English,,Payments_UPI_Segment1_English,https://ip-dynbanners.bajajfinserv.in/SuperApp/mobile/Payments_UPI_Segment1_English_App.png,24,,,,,322200,"{
  ""TagNameDominant_colors"": {
    ""property"": ""colors"",
    ""value"": [""White"", ""Pink"", ""Red"", ""Blue"", ""Yellow""]
  },
  ""Brightness"": {
    ""property"": ""level"",
    ""value"": ""High""
  },
  ""Warm_vs_cool_tones"": {
    ""property"": ""tone"",
    ""value"": ""Predominantly Warm (Red, Pink, Yellow), with Cool accents (Blue)""
  },
  ""Contrast_level"": {
    ""property"": ""level"",
    ""value"": ""High""
  },
  ""Text-to-image_ratio"": {
    ""property"": ""ratio"",
    ""value"": ""Low (More image, less text)""
  },
  ""Left_vs_right_alignment"": {
    ""property"": ""alignment"",
    ""value"": ""Asymmetrical, elements distributed with visual weight on the right""
  },
  ""Symmetry"": {
    ""property"": ""type"",
    ""value"": ""Asymmetrical""
  },
  ""Whitespace_usage"": {
    ""property"": ""usage"",
    ""value"": ""Significant on the left, denser composition on the right""
  },
  ""Image_focus_type"": {
    ""property"": ""focus"",
    ""value"": ""Mobile application interface and a cartoon cricketer""
  },
  ""Visual_format"": {
    ""property"": ""format"",
    ""value"": ""Digital advertisement / Promotional material""
  },
  ""Illustration_vs_photo"": {
    ""property"": ""style"",
    ""value"": ""Illustration""
  },
  ""Number_of_products_shown"": {
    ""property"": ""count"",
    ""value"": 1,
    ""description"": ""Bajaj Pay UPI mobile application""
  },
  ""Number_of_people_shown"": {
    ""property"": ""count"",
    ""value"": 3,
    ""description"": ""One animated cricketer batting, two animated cricketers on phone screen""
  },
  ""Design_density"": {
    ""property"": ""density"",
    ""value"": ""Medium-High (concentrated on the right)""
  },
  ""Embedded_text_present"": {
    ""property"": ""present"",
    ""value"": ""Yes""
  },
  ""Text_language"": {
    ""property"": ""language"",
    ""value"": [""English"", ""Hindi""]
  },
  ""Font_style"": {
    ""property"": ""style"",
    ""value"": ""Sans-serif, clean, modern""
  },
  ""Festival/special_occasion_logo"": {
    ""property"": ""present"",
    ""value"": ""No""
  },
  ""Festival_name"": {
    ""property"": ""name"",
    ""value"": ""N/A""
  },
  ""Logo_size"": {
    ""property"": ""size"",
    ""value"": ""Small (Bajaj Pay UPI, State Bank of India)""
  },
  ""Logo_placement"": {
    ""property"": ""placement"",
    ""value"": ""On the mobile phone screen""
  },
  ""Call-to-action_button_present"": {
    ""property"": ""present"",
    ""value"": ""Yes""
  },
  ""CTA_placement"": {
    ""property"": ""placement"",
    ""value"": ""Bottom right of the mobile app pop-up ('Check Balance')""
  },
  ""CTA_contrast"": {
    ""property"": ""contrast"",
    ""value"": ""High (White text on blue button)""
  },
  ""Objects_visible"": {
    ""property"": ""list"",
    ""value"": [""Mobile phone"", ""Cricket bat"", ""Cricket ball"", ""Money icons (coins, note)"", ""QR code icon"", ""Rupee symbol icon"", ""Bank icon""]
  },
  ""Brand_logo_visible"": {
    ""property"": ""present"",
    ""value"": ""Yes""
  },
  ""Brand_logo_size"": {
    ""property"": ""size"",
    ""value"": ""Small""
  },
  ""Emotion_if_faces_shown"": {
    ""property"": ""emotion"",
    ""value"": [""Neutral"", ""Friendly"", ""Focused""]
  },
  ""Gender_shown_if_people_shown"": {
    ""property"": ""gender"",
    ""value"": ""Male""
  },
  ""Employment_type_if_shown"": {
    ""property"": ""type"",
    ""value"": ""Cricketer (Athlete)""
  },
  ""Environment_type"": {
    ""property"": ""type"",
    ""value"": ""Abstract / Digital (Stylized background with sunburst and watercolor effect)""
  },
  ""Location_hints"": {
    ""property"": ""hints"",
    ""value"": ""India (due to 'INDIA' on jersey, 'Bajaj', 'State Bank of India', UPI payment system, Hindi text, prominent cricket theme)""
  },
  ""Offer_text_present"": {
    ""property"": ""present"",
    ""value"": ""Yes""
  },
  ""Offer_type"": {
    ""property"": ""type"",
    ""value"": ""Celebrity meet-and-greet / Experiential offer""
  },
  ""Offer_text_size"": {
    ""property"": ""size"",
    ""value"": ""Medium""
  },
  ""Offer_text_position"": {
    ""property"": ""position"",
    ""value"": ""On the mobile phone screen, within the main content area""
  },
  ""Activity_Theme"": {
    ""property"": ""theme"",
    ""value"": [""Cricket"", ""Digital Payments"", ""Financial Services""]
  },
  ""Style"": {
    ""property"": ""style"",
    ""value"": ""Cartoon / Flat Illustration""
  },
  ""Purpose"": {
    ""property"": ""purpose"",
    ""value"": ""Promotional / Advertisement""
  },
  ""Product_Category"": {
    ""property"": ""category"",
    ""value"": [""Financial Technology"", ""Mobile Application""]
  },
  ""Cultural_References"": {
    ""property"": ""reference"",
    ""value"": ""Indian Cricket, KL Rahul (celebrity endorsement)""
  },
  ""Celebrity_Endorsement"": {
    ""property"": ""endorser"",
    ""value"": ""KL Rahul (implied via hashtag and image)""
  }
}"
herobanner,18,herobanner,Insurance_Pocket_Segment1_English,,Insurance_Pocket_Segment1_English,https://ip-dynbanners.bajajfinserv.in/SuperApp/mobile/HeroDisplayNavratri_WalletProtect_App.png,25,Get CPP Wallet Protekt,Starting @ ₹699,"₹25,000* coverage",Card blocking,30684,"{'TagNameDominantColors': ['yellow', 'orange', 'pink', 'purple', 'brown', 'green'], 'Brightness': 'bright', 'WarmVsCoolTones': 'gradient_warm_to_cool', 'ContrastLevel': 'high', 'TextToImageRatio': 'very_low', 'LeftVsRightAlignment': 'asymmetrical', 'Symmetry': 'asymmetrical', 'WhitespaceUsage': 'ample', 'ImageFocusType': 'objects_and_figures', 'VisualFormat': 'landscape', 'IllustrationVsPhoto': 'illustration', 'NumberofProductsShown': 1, 'NumberofPeopleShown': 2, 'DesignDensity': 'medium_low', 'EmbeddedTextPresent': 'yes', 'TextLanguage': 'english', 'FontStyle': 'sans_serif', 'FestivalSpecialOccasionLogo': 'yes', 'FestivalName': 'navratri', 'LogoSize': 'N/A', 'LogoPlacement': 'N/A', 'CallToActionButtomPresent': 'no', 'CTAPlacement': 'N/A', 'CTAContrast': 'N/A', 'ObjectsVisible': ['wallet', 'money_banknotes', 'bunting_flags', 'traditional_dancers'], 'BrandLogoVisible': 'no', 'BrandLogoSize': 'N/A', 'Emotion': 'joyful_celebratory', 'GenderShown': ['female', 'male'], 'EmploymentType': 'N/A', 'EnvironmentType': 'abstract_festive_background', 'LocationHints': 'india', 'OfferTextPresent': 'implied', 'OfferType': 'promotional_finance_related', 'OfferTextSize': 'small', 'OfferTextPosition': 'bottom_right', 'PersonFemaleIndian': 'yes', 'PersonMaleIndian': 'yes', 'PeopleEthnicityOrigin': 'indian', 'SpecificDanceForm': 'garba_dandiya', 'BackgroundPattern': 'mandala_paisley_elements', 'ProductCategory': 'finance_wallet_money'}"
herobanner,19,herobanner,HP_AppCard_Investment_Segment1_FD,,HP_AppCard_Investment_Segment1_FD,https://ip-dynbanners.bajajfinserv.in/SuperApp/mobile/HP_AppCard_Investment_Segment1_FD_App.png,27,Senior Citizen can get an extra interest of up to 0.40% p.a.,Interest of up to 8.65% p.a.,AAA safety rating,12-60 months tenure,459,"{'TagNameDominant colors': ['Yellow', 'Orange', 'White', 'Purple'], 'Brightness': 'Bright', 'Warm vs cool tones': 'Warm', 'Contrast level': 'Moderate to High', 'Text-to-image ratio': 'Very Low', 'Left vs right alignment': 'Right Aligned (Man), Corner Aligned (Festive Elements)', 'Symmetry': 'Asymmetrical', 'Whitespace usage': 'Abundant', 'Image focus type': 'Sharp Focus on Foreground Elements', 'Visual format': 'Landscape', 'Illustration vs photo': ['Photo', 'Illustration'], 'Number of products shown': 0, 'Number of people shown': 1, 'Design density': 'Low', 'Embedded text present': 'Yes', 'Text language': 'English', 'Font style': 'Sans-serif', 'Festival/special occasion logo': 'No', 'Festival name': 'Diwali (Implied)', 'Logo size': 'N/A', 'Logo placement': 'N/A', 'Call-to-action button present': 'No', 'CTA placement': 'N/A', 'CTA contrast': 'N/A', 'Objects visible': ['Man', 'Smartphone', 'Firecrackers', 'Marigold Flowers', 'Oil Lamp (Diya)'], 'Brand logo visible': 'No', 'Brand logo size': 'N/A', 'Emotion (if faces shown)': ['Engaged', 'Focused', 'Calm'], 'Gender shown (if people shown)': 'Male', 'Ethnicity': 'Indian', 'Age Group': 'Senior', 'Employment type (if shown)': 'Not Applicable', 'Environment type': 'Abstract Festive Background', 'Location hints': 'South Asia (India)', 'Offer text present': 'No', 'Offer type': 'N/A', 'Offer text size': 'N/A', 'Offer text position': 'N/A', 'Image Purpose': 'Promotional / Festive Greeting Background'}"
herobanner,20,herobanner,HP_AppCard_Wheels_Segment1_NCF,,HP_AppCard_Wheels_Segment1_NCF,https://ip-dynbanners.bajajfinserv.in/SuperApp/mobile/HeroDisplay_PreApproved_NewCarLoan_app.png,33,Drive your dream car today,Get Loan of up to ₹10 Cr,Quick Disbursal,Affordable EMIs,127290,"{'TagNameDominant colors': ['Yellow', 'Pink', 'Orange', 'Multicolor (bunting)'], 'Brightness': 'Bright', 'Warm vs cool tones': 'Warm', 'Contrast level': 'Medium', 'Text-to-image ratio': 'Very Low', 'Left vs right alignment': 'Asymmetrical (left: dancers, right: car & pattern)', 'Symmetry': 'Asymmetrical', 'Whitespace usage': 'High (primarily on the left side)', 'Image focus type': 'Product and Thematic/Celebratory', 'Visual format': 'Landscape', 'Illustration vs photo': 'Hybrid (illustrated dancers and pattern, 3D rendered/product shot car)', 'Number of products shown': 1, 'Number of people shown': 2, 'Design density': 'Medium', 'Embedded text present': 'Yes', 'Text language': 'English', 'Font style': 'Sans-serif', 'Festival/special occasion logo': 'Yes (dancers, bunting, traditional pattern)', 'Festival name': 'Implied Indian Festival (e.g., Navratri, Diwali, or general celebration)', 'Logo size': 'Small (dancers), Medium (bunting)', 'Logo placement': 'Bottom-left (dancers), Top (bunting)', 'Call-to-action button present': 'No', 'CTA placement': 'N/A', 'CTA contrast': 'N/A', 'Objects visible': ['Car', 'Bunting', 'Dancers', 'Decorative Pattern'], 'Brand logo visible': 'No', 'Brand logo size': 'N/A', 'Emotion (if faces shown)': 'Joy, Celebratory', 'Gender shown (if people shown)': ['Female'], ""People's Nationality"": 'Indian (implied by traditional attire and dance form)', 'Employment type (if shown)': 'N/A', 'Environment type': 'Festive/Celebratory', 'Location hints': 'India (culturally implied)', 'Offer text present': 'No', 'Offer type': 'N/A', 'Offer text size': 'N/A', 'Offer text position': 'N/A', 'Product Type': 'Automobile', 'Car Color': 'Yellow', 'Background Elements': ['Gradient Background', 'Decorative Paisley/Mandala Pattern', 'Bunting'], 'Event Type': 'Festival/Celebration'}"
herobanner,21,herobanner,HP_AppCard_Wheels_Segment1_UCF,,HP_AppCard_Wheels_Segment1_UCF,https://ip-dynbanners.bajajfinserv.in/SuperApp/mobile/New_HP_AppCard_Wheels_Segment1_UCF_App.png,34,Drive your dream car,Get Loan of up to ₹77 Lakh,Quick Disbursal,Affordable EMIs,77975,"{'TagNameDominant colors': {'property': 'Colors present', 'value': ['Light Blue', 'White', 'Green', 'Red', 'Gold', 'Brown']}, 'Brightness': {'property': 'Overall brightness level', 'value': 'High'}, 'Warm vs cool tones': {'property': 'Dominant tone balance', 'value': 'Mixed, with cool background (sky, snow) and warm foreground elements (red car, gold coins, red/green Christmas decor)'}, 'Contrast level': {'property': 'Level of contrast', 'value': 'Moderate to High (strong contrast between red objects and light background)'}, 'Text-to-image ratio': {'property': 'Proportion of text to image', 'value': 'Very Low'}, 'Left vs right alignment': {'property': 'Main subject alignment', 'value': 'Right-aligned (main subject is on the right, large whitespace on the left)'}, 'Symmetry': {'property': 'Symmetry in design', 'value': 'Asymmetrical'}, 'Whitespace usage': {'property': 'Amount of empty space', 'value': 'High (significant empty space in the top and left areas)'}, 'Image focus type': {'property': 'Main subject of focus', 'value': 'Object-focused (red toy car on a stack of coins)'}, 'Visual format': {'property': 'Type of visual presentation', 'value': 'Thematic background image, potentially for an advertisement or promotion'}, 'Illustration vs photo': {'property': 'Art style', 'value': 'Composite (Photographic elements for car and coins, Graphic/Illustrative elements for snow, branches, and decorations)'}, 'Number of products shown': {'property': 'Count of distinct products', 'value': 1}, 'Number of people shown': {'property': 'Count of people', 'value': 0}, 'Design density': {'property': 'Clutter level of design', 'value': 'Low to Moderate'}, 'Embedded text present': {'property': 'Presence of text', 'value': 'Yes'}, 'Text language': {'property': 'Language of text', 'value': 'English'}, 'Font style': {'property': 'Typographic style of text', 'value': ""Small, sans-serif (for '*T&C Apply')""}, 'Festival/special occasion logo': {'property': 'Presence of specific festival logo', 'value': 'No'}, 'Festival name': {'property': 'Implied festival/occasion', 'value': 'Christmas/Holiday Season (implied by decorations)'}, 'Logo size': {'property': 'Size of logo', 'value': 'N/A'}, 'Logo placement': {'property': 'Position of logo', 'value': 'N/A'}, 'Call-to-action button present': {'property': 'Presence of CTA button', 'value': 'No'}, 'CTA placement': {'property': 'Position of CTA button', 'value': 'N/A'}, 'CTA contrast': {'property': 'Contrast of CTA button', 'value': 'N/A'}, 'Objects visible': {'property': 'List of identifiable objects', 'value': ['Red toy car', 'Stack of gold coins', 'Pine branches', 'Red berries', 'Gold stars', 'Red Christmas ornaments (baubles)', 'Candy canes', 'Pinecones', 'Snow']}, 'Brand logo visible': {'property': 'Presence of brand logo', 'value': 'No'}, 'Brand logo size': {'property': 'Size of brand logo', 'value': 'N/A'}, 'Emotion (if faces shown)': {'property': 'Perceived emotion', 'value': 'N/A (No faces shown)'}, 'Gender shown (if people shown)': {'property': 'Gender representation', 'value': 'N/A (No people shown)'}, 'Employment type (if shown)': {'property': 'Type of employment', 'value': 'N/A (No people shown)'}, 'Environment type': {'property': 'Type of setting', 'value': 'Thematic (Winter/Christmas outdoor setting, likely a studio composite)'}, 'Location hints': {'property': 'Clues about location', 'value': 'None specific, general winter/holiday theme'}, 'Offer text present': {'property': 'Presence of offer text', 'value': ""No explicit offer text, only '*T&C Apply' disclaimer""}, 'Offer type': {'property': 'Type of offer', 'value': 'N/A'}, 'Offer text size': {'property': 'Size of offer text', 'value': 'Very small'}, 'Offer text position': {'property': 'Position of offer text', 'value': 'Bottom right corner'}, 'Theme': {'property': 'Overarching theme', 'value': 'Christmas, Winter, Savings/Finance (related to car purchase)'}, 'Season': {'property': 'Season depicted', 'value': 'Winter/Holiday season'}, 'Composition': {'property': 'Arrangement of elements', 'value': 'Rule of thirds (car on coins positioned on right side), clear foreground/background separation'}, 'Purpose': {'property': 'Likely intent of the image', 'value': 'Promotional/Advertising (suggesting car deals, financing, or gifts during the holiday season)'}, 'Monetary elements': {'property': 'Presence of money-related items', 'value': 'Yes (stack of coins)'}, 'Symbolism': {'property': 'Symbolic representation', 'value': 'Car on coins symbolizes financial aspect of car ownership, savings, affordability, or a good deal'}, 'Interactivity': {'property': 'Interactive elements', 'value': 'None'}, 'Text content': {'property': 'Specific text visible', 'value': '*T&C Apply'}}"
herobanner,22,herobanner,HP_AppCard_Insurance_Segment1_Health,,HP_AppCard_Insurance_Segment1_Health,https://ip-dynbanners.bajajfinserv.in/SuperApp/mobile/HeroDisplay_PreApproved_Insu_HealthFundedNew_app.png,35,Get Health Insurance on Easy EMI's,Coverage upto ₹10 Lakh,Premium at ₹15*/Day,Cashless Treatment,61336,"{'TagNameDominant colors': ['Yellow', 'Orange', 'Pink', 'Multi-color (banner)'], 'Brightness': 'Bright', 'Warm vs cool tones': 'Warm', 'Contrast level': 'Medium-High', 'Text-to-image ratio': 'Low', 'Left vs right alignment': 'Asymmetrical (main elements right-aligned, cultural elements left-aligned)', 'Symmetry': 'Asymmetrical', 'Whitespace usage': 'Moderate (left side has more open space)', 'Image focus type': 'Object (Money Jar)', 'Visual format': 'Landscape', 'Illustration vs photo': 'Hybrid (Photographic jar, illustrated background elements and figures)', 'Number of products shown': 1, 'Number of people shown': 2, 'Design density': 'Medium', 'Embedded text present': 'Yes', 'Text language': 'English', 'Font style': ""Sans-serif (for 'Health Insurance' and '*T&C Apply.')"", 'Festival/special occasion': 'Yes', 'Festival/special occasion logo': 'Yes (dancing figures as a motif)', 'Festival name': 'Navratri/Garba (strongly implied by attire and dance)', 'Logo size': 'Small (dancing figures)', 'Logo placement': 'Bottom-left', 'Call-to-action button present': 'No', 'CTA placement': 'N/A', 'CTA contrast': 'N/A', 'Objects visible': ['Glass jar', 'Coins (inside and outside jar)', ""Paper label ('Health Insurance')"", 'Colorful triangular banner/bunting', 'Gradient background (yellow to pink/purple)', 'Subtle mandala/paisley patterns (background)', 'Two illustrated dancing figures', ""Text '*T&C Apply.'""], 'Brand logo visible': 'No', 'Brand logo size': 'N/A', 'Emotion (if faces shown)': 'Joyful, energetic (implied by dancing poses)', 'Gender shown (if people shown)': ['One female', 'One male'], 'Employment type (if shown)': 'N/A', 'Environment type': 'Abstract/Thematic', 'Location hints': 'India (implied by cultural attire and dance)', 'Offer text present': 'No', 'Offer type': 'N/A', 'Offer text size': 'N/A', 'Offer text position': 'N/A', ""People's ethnicity/cultural attire"": 'Indian (wearing traditional Garba/Dandiya attire)', 'Activity shown': 'Traditional Indian folk dancing (Garba/Dandiya)', 'Purpose of image': 'Promotional/Informational (suggesting saving for health insurance, possibly linked to festive season financial planning)'}"
herobanner,23,herobanner,HP_AppCard_Investment_Segment1_DMAT,,HP_AppCard_Investment_Segment1_DMAT,https://ip-dynbanners.bajajfinserv.in/SuperApp/mobile/DmatTradingApp.png,36,Open your Demat & Trading Account,and begin trading at zero cost,Low brokerage,MTF facility,63943,"{'TagNameDominant colors': ['Yellow', 'Orange', 'Pink', 'Red', 'Green', 'Blue', 'Purple'], 'Brightness': 'High', 'Warm vs cool tones': 'Predominantly warm with cool accents', 'Contrast level': 'Medium-High', 'Text-to-image ratio': 'Low', 'Left vs right alignment': 'Asymmetrical (elements on both left and right)', 'Symmetry': 'Asymmetrical', 'Whitespace usage': 'Moderate', 'Image focus type': 'Multiple (left-side dancers, right-side chart)', 'Visual format': 'Horizontal', 'Illustration vs photo': 'Illustration', 'Number of products shown': 0, 'Number of people shown': 2, 'Design density': 'Low-Medium', 'Embedded text present': 'Yes', 'Text language': 'English', 'Font style': 'Sans-serif', 'Festival/special occasion': 'Yes', 'Festival name': 'Navratri (or general Indian festive occasion)', 'Logo size': 'N/A (No brand logo visible)', 'Logo placement': 'N/A (No brand logo visible)', 'Call-to-action button present': 'Yes', 'CTA placement': 'Bottom right', 'CTA contrast': 'High', 'Objects visible': ['Festive pennants', 'Traditional Indian dancers', 'Stock market candlesticks (red and green)', 'SELL button', 'BUY button', 'Mandala patterns'], 'Brand logo visible': 'No', 'Brand logo size': 'N/A', 'Emotion (if faces shown)': 'Joyful', 'Gender shown (if people shown)': ['Female', 'Male'], 'Employment type (if shown)': 'N/A', 'Environment type': 'Stylized/Abstract background', 'Location hints': 'India (implied by cultural elements)', 'Offer text present': 'No (beyond trading concept)', 'Offer type': 'N/A', 'Offer text size': 'N/A', 'Offer text position': 'N/A', 'People ethnicity': 'Indian', 'People attire': 'Traditional Indian festive attire (Garba/Dandiya costumes)', 'Theme': ['Festive', 'Financial Trading', 'Celebration'], 'Graphic elements': ['Mandala designs', 'Candlestick chart', 'Bunting/Pennants'], 'Purpose of image': 'Promotional / Informational (related to trading during festive season)', 'Copyright/Legal text': 'Yes (*T&C Apply.)', 'Copyright/Legal text position': 'Bottom right'}"
herobanner,24,herobanner,HP_AppCard_Loan_Segment1_HL,,HP_AppCard_Loan_Segment1_HL,https://ip-dynbanners.bajajfinserv.in/SuperApp/mobile/HeroDisplay_PreApproved_BHFLHomeLoan_app.png,38,Get funds of up to,₹5 Cr* for your own home,Affordable interest rates,Minimal paperwork,300379,"{'Dominant colors': 'Yellow, Orange, Pink, White, Black', 'Brightness': 'Bright', 'Warm vs cool tones': 'Warm', 'Contrast level': 'Moderate', 'Text-to-image ratio': 'Very Low', 'Left vs right alignment': 'Right-aligned house, Left-aligned dancers, overall balanced background', 'Symmetry': 'Asymmetrical', 'Whitespace usage': 'Moderate to High (especially on the left side)', 'Image focus type': 'Product/Property (House) and Cultural Theme', 'Visual format': 'Promotional Background / Template', 'Illustration vs photo': 'Mix (Illustrated background elements, flags, dancers; Photorealistic/3D Rendered house)', 'Number of products shown': 1, 'Number of people shown': 2, 'Design density': 'Medium', 'Embedded text present': 'Yes', 'Text language': 'English', 'Font style': 'Sans-serif', 'Festival/special occasion logo': 'Yes (represented by dancers and festive flags)', 'Festival name': 'Navratri (implied by Garba/Dandiya dancers)', 'Logo size': 'Small (dancers/motif)', 'Logo placement': 'Bottom Left', 'Call-to-action button present': 'No', 'CTA placement': 'N/A', 'CTA contrast': 'N/A', 'Objects visible': 'House, Bunting flags, Two traditional dancers, Mandala patterns (background)', 'Brand logo visible': 'No', 'Brand logo size': 'N/A', 'Emotion (if faces shown)': 'Joy, Celebration', 'Gender shown (if people shown)': 'One Male, One Female', 'Ethnicity shown (if people shown)': 'Indian', 'Employment type (if shown)': 'N/A (dancers are for celebration)', 'Environment type': 'Outdoor (stylized)', 'Location hints': 'India (due to cultural elements)', 'Offer text present': 'No explicit offer text, only a disclaimer.', 'Offer type': 'N/A', 'Offer text size': 'Small', 'Offer text position': 'Bottom Right'}"
herobanner,25,herobanner,HP_AppCard_Loan_Segment1_DL,,HP_AppCard_Loan_Segment1_DL,https://ip-dynbanners.bajajfinserv.in/SuperApp/mobile/New_HP_AppCard_Loan_Segment1_DL_App.png,39,Doctor loan of up to,₹80 Lakh,Flexi loan option,Zero collateral,19093,"{'TagNameDominant_colors': ['Light Blue', 'White', 'Green', 'Red', 'Brown', 'Gold'], 'Brightness': 'Bright', 'Warm_vs_cool_tones': 'Predominantly Cool (background) with Warm Accents (decorations)', 'Contrast_level': 'Medium', 'Text-to-image_ratio': 'Very Low', 'Left_vs_right_alignment': 'Right-aligned (person), Bottom & Top-Left (decorations)', 'Symmetry': 'Asymmetrical', 'Whitespace_usage': 'High', 'Image_focus_type': 'Person', 'Visual_format': 'Horizontal', 'Illustration_vs_photo': 'Composite (Photo of person, Illustrated background/decorations)', 'Number_of_products_shown': 0, 'Number_of_people_shown': 1, 'Design_density': 'Low', 'Embedded_text_present': 'Yes', 'Text_language': 'English', 'Font_style': 'Sans-serif', 'Festival/special_occasion_logo': 'No', 'Festival_name': 'Christmas (implied)', 'Logo_size': 'N/A', 'Logo_placement': 'N/A', 'Call-to-action_button_present': 'No', 'CTA_placement': 'N/A', 'CTA_contrast': 'N/A', 'Objects_visible': ['Doctor', 'Stethoscope', 'Christmas Tree Branches', 'Pinecones', 'Red Berries', 'Red Ornaments', 'Candy Canes', 'Gold Stars'], 'Brand_logo_visible': 'No', 'Brand_logo_size': 'N/A', 'Emotion': 'Happy, Friendly, Confident', 'Gender_shown': 'Female', 'Ethnicity_shown': 'Indian', 'Employment_type': 'Medical Professional / Doctor', 'Environment_type': 'Studio/Digital Background', 'Location_hints': 'None', 'Offer_text_present': ""No (Only a disclaimer 'T&C Apply')"", 'Offer_type': 'N/A', 'Offer_text_size': 'Small', 'Offer_text_position': 'Bottom Right'}"
herobanner,26,herobanner,HP_AppCard_Loan_Segment1_LAP,,HP_AppCard_Loan_Segment1_LAP,https://ip-dynbanners.bajajfinserv.in/SuperApp/mobile/HeroDisplay_PreApproved_LoanAgainstProperty_BLSE_app.png,40,Get loan of up to,₹10 Crore Against your property,Affordable interest rates,Minimal paperwork,124670,"{'Dominant colors': ['Yellow', 'Orange', 'Pink', 'White', 'Black', 'Multi-colored (flags, attire)'], 'Brightness': 'Bright', 'Warm vs cool tones': 'Warm', 'Contrast level': 'Medium to High', 'Text-to-image ratio': 'Low', 'Left vs right alignment': 'Mixed (elements aligned left, right, and top)', 'Symmetry': 'Asymmetrical', 'Whitespace usage': 'Moderate', 'Image focus type': 'Multiple (dancers, house model)', 'Visual format': 'Digital image', 'Illustration vs photo': 'Mixed (Illustration for dancers, Photograph for hand/house, Digital Art for background)', 'Number of products shown': 1, 'Number of people shown': '2 (illustrated dancers), 1 (implied by hand)', 'Design density': 'Moderate', 'Embedded text present': 'Yes', 'Text language': 'English', 'Font style': 'Sans-serif', 'Festival/special occasion logo': 'Yes (implied by dancers and flags)', 'Festival name': 'Navaratri (implied by Garba/Dandiya dancers)', 'Logo size': 'N/A (No explicit brand logo)', 'Logo placement': 'N/A (Festival symbol bottom-left)', 'Call-to-action button present': 'No', 'CTA placement': 'N/A', 'CTA contrast': 'N/A', 'Objects visible': ['Flags', 'Mandala patterns', 'Miniature house model', 'Human hand', 'Dandiya sticks'], 'Brand logo visible': 'No', 'Brand logo size': 'N/A', 'Emotion (if faces shown)': 'Joyful, Energetic', 'Gender shown (if people shown)': 'Male and Female (illustrated dancers), Undiscernible (hand)', 'Ethnicity of people shown': 'Indian (implied by dancers and cultural context)', 'Employment type (if shown)': 'N/A', 'Environment type': 'Studio/Digital', 'Location hints': 'India (implied by cultural elements like dance and mandala)', 'Offer text present': 'No explicit offer text, only disclaimer', 'Offer type': 'N/A', 'Offer text size': 'Small', 'Offer text position': 'Bottom right'}"
herobanner,27,herobanner,HP_AppCard_Loan_Segment1_BLSE,,HP_AppCard_Loan_Segment1_BLSE,https://ip-dynbanners.bajajfinserv.in/SuperApp/mobile/HeroDisplay_PreApproved_LoanAgainstProperty_BLSE_app.png,41,Get Secured,Business loan of up to ₹1.05 Crore,Tenure upto 15 Years,Minimal documentation,69062,"{
  ""TagNameDominant_colors"": [""Yellow"", ""Orange"", ""Pink"", ""White"", ""Black"", ""Grey""],
  ""Brightness"": ""Bright"",
  ""Warm_vs_cool_tones"": ""Predominantly warm"",
  ""Contrast_level"": ""Medium to High"",
  ""Text-to-image_ratio"": ""Very low"",
  ""Left_vs_right_alignment"": ""Asymmetrical, main subject (house) right-aligned, dancers bottom-left"",
  ""Symmetry"": ""Asymmetrical"",
  ""Whitespace_usage"": ""High"",
  ""Image_focus_type"": ""Sharp focus on the house model held by a hand"",
  ""Visual_format"": ""Horizontal banner / Wide aspect ratio"",
  ""Illustration_vs_photo"": ""Mixed (photographic hand/house, illustrative background/dancers/banners)"",
  ""Number_of_products_shown"": 1,
  ""Number_of_people_shown"": {
    ""Illustrated_figures"": 2,
    ""Partial_human_body_parts"": 1
  },
  ""Design_density"": ""Low to Medium"",
  ""Embedded_text_present"": true,
  ""Text_language"": ""English"",
  ""Font_style"": ""Sans-serif"",
  ""Festival_special_occasion_logo"": true,
  ""Festival_name_inferred"": ""Navaratri / Diwali (based on dance and themes)"",
  ""Logo_size"": ""Small (for the dancers illustration)"",
  ""Logo_placement"": ""Bottom left"",
  ""Call-to-action_button_present"": false,
  ""CTA_placement"": ""N/A"",
  ""CTA_contrast"": ""N/A"",
  ""Objects_visible"": [
    ""Decorative banners/garland"",
    ""House model"",
    ""Human hand and arm"",
    ""Mandala patterns (background)"",
    ""Illustrated dancers (two figures)"",
    ""Garba/Dandiya sticks (held by dancers)""
  ],
  ""Brand_logo_visible"": false,
  ""Brand_logo_size"": ""N/A"",
  ""Emotion_if_faces_shown"": ""Joyful (inferred from dancers' pose, faces are not detailed)"",
  ""Gender_shown_if_people_shown"": {
    ""Dancers"": ""Female (two figures)"",
    ""Arm"": ""Indiscernible (single arm, commonly portrayed as female in such contexts)""
  },
  ""Employment_type_if_shown"": ""N/A"",
  ""Environment_type"": ""Studio / Graphic design setting"",
  ""Location_hints"": ""Indian (cultural motifs like Mandala, traditional dance, festival elements)"",
  ""Offer_text_present"": false,
  ""Offer_type_implied"": ""Promotional offer (e.g., home loan, real estate, festive discount)"",
  ""Offer_text_size"": ""Small (for '*T&C Apply.*')"",
  ""Offer_text_position"": ""Bottom right"",
  ""Ethnicity_of_people_inferred"": ""Indian (based on attire and dance style)"",
  ""Type_of_dance"": ""Garba / Dandiya Raas"",
  ""Item_being_held"": ""Miniature house model / Property model"",
  ""Context_Theme"": ""Festive promotion for real estate or home financing""
}"
herobanner,28,herobanner,HP_AppCard_Loan_Segment1_LAS,,HP_AppCard_Loan_Segment1_LAS,https://ip-dynbanners.bajajfinserv.in/SuperApp/LAS/Homepage_TopBanner_app.png,42,Get Loan Against Securities,at interest rate of 10.50% p.a.,Quick disbursal,Minimal paperwork,41703,"{'tags': [{'tagName': 'Dominant colors', 'property': 'Palette', 'value': 'Yellow, Orange, Pink, Gold, Green, Light Brown, Grey, Multi-color (banners)'}, {'tagName': 'Brightness', 'property': 'Level', 'value': 'Bright'}, {'tagName': 'Warm vs cool tones', 'property': 'Tone', 'value': 'Predominantly Warm'}, {'tagName': 'Contrast level', 'property': 'Level', 'value': 'Moderate'}, {'tagName': 'Text-to-image ratio', 'property': 'Ratio', 'value': 'Very Low'}, {'tagName': 'Left vs right alignment', 'property': 'Alignment', 'value': 'Mixed (Dancers Left, Objects Right, Banners Top)'}, {'tagName': 'Symmetry', 'property': 'Nature', 'value': 'Asymmetrical'}, {'tagName': 'Whitespace usage', 'property': 'Amount', 'value': 'High (left side)'}, {'tagName': 'Image focus type', 'property': 'Type', 'value': 'Objects (Money Bag, Shield, Coins)'}, {'tagName': 'Visual format', 'property': 'Format', 'value': 'Digital Graphic Design'}, {'tagName': 'Illustration vs photo', 'property': 'Type', 'value': 'Mixed (Illustrative background/dancers, Photorealistic objects)'}, {'tagName': 'Number of products shown', 'property': 'Count', 'value': '3 (Money Bag, Shield, Coins)'}, {'tagName': 'Number of people shown', 'property': 'Count', 'value': '2'}, {'tagName': 'Design density', 'property': 'Level', 'value': 'Medium (Denser on right side, sparser on left)'}, {'tagName': 'Embedded text present', 'property': 'Status', 'value': 'Yes'}, {'tagName': 'Text content', 'property': 'Value', 'value': '*T&C Apply'}, {'tagName': 'Text language', 'property': 'Language', 'value': 'English'}, {'tagName': 'Font style', 'property': 'Style', 'value': 'Sans-serif'}, {'tagName': 'Festival/special occasion logo', 'property': 'Status', 'value': 'Yes (Implied by cultural elements)'}, {'tagName': 'Festival name', 'property': 'Likely Occasion', 'value': 'Indian Festival (e.g., Navratri, Diwali, Holi)'}, {'tagName': 'Logo size', 'property': 'Size', 'value': 'N/A (No explicit brand logo)'}, {'tagName': 'Logo placement', 'property': 'Position', 'value': 'N/A (No explicit brand logo)'}, {'tagName': 'Call-to-action button present', 'property': 'Status', 'value': 'No'}, {'tagName': 'CTA placement', 'property': 'Position', 'value': 'N/A'}, {'tagName': 'CTA contrast', 'property': 'Level', 'value': 'N/A'}, {'tagName': 'Objects visible', 'property': 'List', 'value': 'Festive Banners, Dancers, Money Bag, Shield, Gold Coins, Mehndi/Paisley Patterns'}, {'tagName': 'Brand logo visible', 'property': 'Status', 'value': 'No'}, {'tagName': 'Brand logo size', 'property': 'Size', 'value': 'N/A'}, {'tagName': 'Emotion (if faces shown)', 'property': 'Feeling', 'value': 'Joy, Celebration'}, {'tagName': 'Gender shown (if people shown)', 'property': 'Gender', 'value': 'Female (2 figures)'}, {'tagName': 'Ethnicity shown (if people shown)', 'property': 'Ethnicity', 'value': 'Indian'}, {'tagName': 'Employment type (if shown)', 'property': 'Type', 'value': 'N/A'}, {'tagName': 'Environment type', 'property': 'Type', 'value': 'Abstract/Festive Background'}, {'tagName': 'Location hints', 'property': 'Region', 'value': 'India (implied by cultural elements)'}, {'tagName': 'Offer text present', 'property': 'Status', 'value': 'No (beyond general implication of wealth/security)'}, {'tagName': 'Offer type', 'property': 'Type', 'value': 'N/A'}, {'tagName': 'Offer text size', 'property': 'Size', 'value': 'N/A'}, {'tagName': 'Offer text position', 'property': 'Position', 'value': 'N/A'}, {'tagName': 'Cultural Elements', 'property': 'Description', 'value': 'Indian traditional dance (Garba/Dandiya Raas style), traditional attire, colorful banners, mehndi/paisley patterns'}, {'tagName': 'Theme', 'property': 'Concept', 'value': 'Celebration, Security, Wealth, Festival, Finance'}, {'tagName': 'Background Pattern', 'property': 'Style', 'value': 'Mandala / Paisley / Mehndi inspired'}, {'tagName': 'Dance Style', 'property': 'Type', 'value': 'Garba / Dandiya Raas (Indian folk dance)'}]}"
